TRUCK_ID,PRIMARY_CITY,YEAR,MONTH,TOTAL_SALES_PER_MONTH
1,San Mateo,2019,1,62520.0
1,San Mateo,2019,2,54220.0
1,San Mateo,2019,3,61372.5
1,San Mateo,2019,4,63564.0
17,Denver,2019,4,492230.0
21,Denver,2019,4,226121.0
1,San Mateo,2019,5,63872.0
17,Denver,2019,5,485894.0
21,Denver,2019,5,220218.0
1,San Mateo,2019,6,43753.0
17,Denver,2019,6,474767.0
21,Denver,2019,6,232003.0
1,San Mateo,2019,7,33248.5
6,San Mateo,2019,7,37674.0
17,Denver,2019,7,490317.0
21,Denver,2019,7,226576.0
1,San Mateo,2019,8,34716.5
6,San Mateo,2019,8,36046.0
17,Denver,2019,8,502005.0
21,Denver,2019,8,234797.0
1,San Mateo,2019,9,31721.5
6,San Mateo,2019,9,36643.0
17,Denver,2019,9,528614.0
21,Denver,2019,9,252437.0
1,San Mateo,2019,10,33913.0
6,San Mateo,2019,10,36975.0
17,Denver,2019,10,519545.0
21,Denver,2019,10,243830.0
33,Seattle,2019,10,482999.5
1,San Mateo,2019,11,31841.0
6,San Mateo,2019,11,33996.0
17,Denver,2019,11,506622.0
21,Denver,2019,11,234109.0
33,Seattle,2019,11,480012.0
1,San Mateo,2019,12,30677.5
6,San Mateo,2019,12,31915.0
17,Denver,2019,12,540673.0
21,Denver,2019,12,244014.0
33,Seattle,2019,12,473255.0
1,San Mateo,2020,1,27771.5
6,San Mateo,2020,1,29483.0
11,San Mateo,2020,1,62772.0
17,Denver,2020,1,474602.0
18,Denver,2020,1,419543.0
21,Denver,2020,1,218870.0
23,Denver,2020,1,442147.0
31,Seattle,2020,1,177221.0
33,Seattle,2020,1,367668.0
51,Boston,2020,1,207991.0
55,Boston,2020,1,310967.0
67,New York City,2020,1,1553904.0
73,New York City,2020,1,1637862.0
1,San Mateo,2020,2,28175.5
6,San Mateo,2020,2,30602.0
11,San Mateo,2020,2,60788.0
17,Denver,2020,2,377697.0
18,Denver,2020,2,340567.5
21,Denver,2020,2,184310.0
23,Denver,2020,2,369314.0
31,Seattle,2020,2,185170.0
33,Seattle,2020,2,372558.5
51,Boston,2020,2,187447.0
55,Boston,2020,2,283663.0
67,New York City,2020,2,1420161.0
73,New York City,2020,2,1523811.0
1,San Mateo,2020,3,27091.0
6,San Mateo,2020,3,29709.0
11,San Mateo,2020,3,64003.0
17,Denver,2020,3,446474.0
18,Denver,2020,3,406220.5
21,Denver,2020,3,210420.0
23,Denver,2020,3,437107.0
31,Seattle,2020,3,201277.5
33,Seattle,2020,3,412743.5
51,Boston,2020,3,208725.0
55,Boston,2020,3,318680.0
67,New York City,2020,3,1537069.0
73,New York City,2020,3,1631696.0
1,San Mateo,2020,4,27382.0
6,San Mateo,2020,4,31263.0
11,San Mateo,2020,4,62710.0
17,Denver,2020,4,423142.0
18,Denver,2020,4,395263.5
21,Denver,2020,4,202314.0
23,Denver,2020,4,405716.0
31,Seattle,2020,4,203496.5
33,Seattle,2020,4,406435.5
45,Seattle,2020,4,410543.0
51,Boston,2020,4,192939.0
55,Boston,2020,4,291697.0
67,New York City,2020,4,1478339.0
73,New York City,2020,4,1552003.0
1,San Mateo,2020,5,29397.0
6,San Mateo,2020,5,30037.0
11,San Mateo,2020,5,65895.0
17,Denver,2020,5,445900.0
18,Denver,2020,5,407323.5
21,Denver,2020,5,215948.0
23,Denver,2020,5,422574.0
31,Seattle,2020,5,203444.0
33,Seattle,2020,5,414241.5
45,Seattle,2020,5,395471.0
51,Boston,2020,5,209894.0
55,Boston,2020,5,317137.0
67,New York City,2020,5,1552422.0
73,New York City,2020,5,1648789.0
1,San Mateo,2020,6,27730.0
6,San Mateo,2020,6,30392.0
11,San Mateo,2020,6,65983.0
17,Denver,2020,6,422158.0
18,Denver,2020,6,374920.5
21,Denver,2020,6,198028.0
23,Denver,2020,6,403110.0
31,Seattle,2020,6,195432.5
33,Seattle,2020,6,379465.0
45,Seattle,2020,6,390366.0
51,Boston,2020,6,208350.0
55,Boston,2020,6,309651.0
67,New York City,2020,6,1478001.0
73,New York City,2020,6,1574708.0
1,San Mateo,2020,7,29264.0
2,San Mateo,2020,7,68631.0
6,San Mateo,2020,7,30115.0
9,San Mateo,2020,7,57012.0
11,San Mateo,2020,7,65259.0
17,Denver,2020,7,449524.0
18,Denver,2020,7,400371.0
21,Denver,2020,7,213839.0
23,Denver,2020,7,423041.0
27,Denver,2020,7,508440.0
31,Seattle,2020,7,212740.0
33,Seattle,2020,7,450158.5
39,Seattle,2020,7,436050.0
45,Seattle,2020,7,448019.0
47,Boston,2020,7,443659.0
48,Boston,2020,7,389619.0
50,Boston,2020,7,602389.5
51,Boston,2020,7,208491.0
55,Boston,2020,7,324444.0
67,New York City,2020,7,1519929.0
73,New York City,2020,7,1621269.0
1,San Mateo,2020,8,29188.5
2,San Mateo,2020,8,63961.0
6,San Mateo,2020,8,32120.0
9,San Mateo,2020,8,59854.0
11,San Mateo,2020,8,67434.0
17,Denver,2020,8,456482.0
18,Denver,2020,8,404820.5
21,Denver,2020,8,216913.0
23,Denver,2020,8,435947.0
27,Denver,2020,8,523137.0
31,Seattle,2020,8,208742.0
33,Seattle,2020,8,426773.5
39,Seattle,2020,8,434382.0
45,Seattle,2020,8,424441.0
47,Boston,2020,8,428886.0
48,Boston,2020,8,385396.5
50,Boston,2020,8,588420.75
51,Boston,2020,8,208612.0
55,Boston,2020,8,309369.0
67,New York City,2020,8,1547201.0
73,New York City,2020,8,1634048.0
1,San Mateo,2020,9,29756.0
2,San Mateo,2020,9,66200.0
6,San Mateo,2020,9,30183.0
9,San Mateo,2020,9,57038.0
11,San Mateo,2020,9,64941.0
17,Denver,2020,9,476247.0
18,Denver,2020,9,436050.5
21,Denver,2020,9,215155.0
23,Denver,2020,9,437876.0
27,Denver,2020,9,520757.0
31,Seattle,2020,9,208466.5
33,Seattle,2020,9,422674.5
39,Seattle,2020,9,427701.0
45,Seattle,2020,9,415902.0
47,Boston,2020,9,450289.0
48,Boston,2020,9,397415.5
50,Boston,2020,9,614031.5
51,Boston,2020,9,208589.0
55,Boston,2020,9,317001.0
67,New York City,2020,9,1485486.0
73,New York City,2020,9,1575288.0
1,San Mateo,2020,10,29369.5
2,San Mateo,2020,10,73325.0
6,San Mateo,2020,10,33147.0
9,San Mateo,2020,10,57813.0
11,San Mateo,2020,10,67463.0
14,San Mateo,2020,10,88841.0
17,Denver,2020,10,489042.0
18,Denver,2020,10,434861.0
21,Denver,2020,10,229400.0
23,Denver,2020,10,459660.0
27,Denver,2020,10,544920.0
29,Denver,2020,10,645011.0
31,Seattle,2020,10,208994.0
33,Seattle,2020,10,434391.5
39,Seattle,2020,10,418947.0
42,Seattle,2020,10,533009.0
45,Seattle,2020,10,410717.0
47,Boston,2020,10,437808.0
48,Boston,2020,10,398285.0
50,Boston,2020,10,597331.25
51,Boston,2020,10,204393.0
55,Boston,2020,10,315734.0
60,Boston,2020,10,378403.0
67,New York City,2020,10,1518308.0
71,New York City,2020,10,2036352.0
73,New York City,2020,10,1630053.0
74,New York City,2020,10,2653523.0
1,San Mateo,2020,11,26514.5
2,San Mateo,2020,11,62998.0
6,San Mateo,2020,11,29536.0
9,San Mateo,2020,11,53646.0
11,San Mateo,2020,11,63094.0
14,San Mateo,2020,11,83666.0
17,Denver,2020,11,477166.0
18,Denver,2020,11,428633.5
21,Denver,2020,11,222428.0
23,Denver,2020,11,448776.0
27,Denver,2020,11,543639.0
29,Denver,2020,11,620191.0
31,Seattle,2020,11,178374.0
33,Seattle,2020,11,370926.5
39,Seattle,2020,11,362898.0
42,Seattle,2020,11,456108.0
45,Seattle,2020,11,355368.0
47,Boston,2020,11,409162.0
48,Boston,2020,11,360825.5
50,Boston,2020,11,544342.75
51,Boston,2020,11,193853.0
55,Boston,2020,11,299010.0
60,Boston,2020,11,363352.0
67,New York City,2020,11,1479718.0
71,New York City,2020,11,1984164.0
73,New York City,2020,11,1587235.0
74,New York City,2020,11,2573348.0
1,San Mateo,2020,12,28562.5
2,San Mateo,2020,12,63474.0
6,San Mateo,2020,12,29734.0
9,San Mateo,2020,12,55863.0
11,San Mateo,2020,12,63080.0
14,San Mateo,2020,12,82924.0
17,Denver,2020,12,436835.0
18,Denver,2020,12,398135.0
21,Denver,2020,12,207332.0
23,Denver,2020,12,425250.0
27,Denver,2020,12,484685.0
29,Denver,2020,12,595943.0
31,Seattle,2020,12,193884.0
33,Seattle,2020,12,397803.0
39,Seattle,2020,12,388427.0
42,Seattle,2020,12,493740.0
45,Seattle,2020,12,384603.0
47,Boston,2020,12,414311.0
48,Boston,2020,12,370247.5
50,Boston,2020,12,562496.0
51,Boston,2020,12,199992.0
55,Boston,2020,12,307444.0
60,Boston,2020,12,356902.0
67,New York City,2020,12,1476715.0
71,New York City,2020,12,2005147.0
73,New York City,2020,12,1579569.0
74,New York City,2020,12,2606710.0
1,San Mateo,2021,1,33536.5
2,San Mateo,2021,1,74791.0
4,San Mateo,2021,1,65940.0
6,San Mateo,2021,1,36803.0
7,San Mateo,2021,1,56358.0
9,San Mateo,2021,1,68134.0
11,San Mateo,2021,1,77345.0
14,San Mateo,2021,1,96052.0
15,San Mateo,2021,1,64767.0
17,Denver,2021,1,559235.0
18,Denver,2021,1,495799.0
21,Denver,2021,1,262593.0
23,Denver,2021,1,516362.0
27,Denver,2021,1,621408.0
28,Denver,2021,1,440325.0
29,Denver,2021,1,725031.0
31,Seattle,2021,1,231510.5
33,Seattle,2021,1,473906.0
39,Seattle,2021,1,449995.0
40,Seattle,2021,1,376552.0
42,Seattle,2021,1,586682.0
45,Seattle,2021,1,454166.0
46,Boston,2021,1,219066.5
47,Boston,2021,1,483999.0
48,Boston,2021,1,437782.5
50,Boston,2021,1,658489.0
51,Boston,2021,1,231626.0
55,Boston,2021,1,355770.0
60,Boston,2021,1,425541.0
61,New York City,2021,1,900130.5
64,New York City,2021,1,1823495.0
67,New York City,2021,1,1541743.0
70,New York City,2021,1,1488215.0
71,New York City,2021,1,2027263.0
73,New York City,2021,1,1645612.0
74,New York City,2021,1,2672536.0
1,San Mateo,2021,2,29486.0
2,San Mateo,2021,2,71459.0
4,San Mateo,2021,2,58297.0
6,San Mateo,2021,2,32301.0
7,San Mateo,2021,2,51012.0
9,San Mateo,2021,2,58529.0
11,San Mateo,2021,2,70613.0
14,San Mateo,2021,2,90618.0
15,San Mateo,2021,2,61271.0
17,Denver,2021,2,495419.0
18,Denver,2021,2,416406.5
21,Denver,2021,2,214535.0
23,Denver,2021,2,430975.0
27,Denver,2021,2,515978.0
28,Denver,2021,2,377862.0
29,Denver,2021,2,620548.0
31,Seattle,2021,2,201267.0
33,Seattle,2021,2,423058.0
39,Seattle,2021,2,388503.0
40,Seattle,2021,2,327238.0
42,Seattle,2021,2,512436.0
45,Seattle,2021,2,392084.0
46,Boston,2021,2,186512.0
47,Boston,2021,2,416680.0
48,Boston,2021,2,383895.0
50,Boston,2021,2,563509.75
51,Boston,2021,2,193568.0
55,Boston,2021,2,299125.0
60,Boston,2021,2,365380.0
61,New York City,2021,2,783136.0
64,New York City,2021,2,1571931.0
67,New York City,2021,2,1336366.0
70,New York City,2021,2,1305679.0
71,New York City,2021,2,1786327.0
73,New York City,2021,2,1413789.0
74,New York City,2021,2,2312307.0
1,San Mateo,2021,3,33495.0
2,San Mateo,2021,3,73883.0
4,San Mateo,2021,3,66449.0
6,San Mateo,2021,3,35728.0
7,San Mateo,2021,3,55136.0
9,San Mateo,2021,3,63475.0
11,San Mateo,2021,3,75434.0
14,San Mateo,2021,3,98382.0
15,San Mateo,2021,3,65587.0
17,Denver,2021,3,550596.0
18,Denver,2021,3,484481.5
21,Denver,2021,3,249114.0
23,Denver,2021,3,511080.0
27,Denver,2021,3,603548.0
28,Denver,2021,3,445974.0
29,Denver,2021,3,710421.0
31,Seattle,2021,3,232025.5
33,Seattle,2021,3,486501.0
39,Seattle,2021,3,476867.0
40,Seattle,2021,3,399252.0
42,Seattle,2021,3,618093.0
45,Seattle,2021,3,485681.0
46,Boston,2021,3,231419.0
47,Boston,2021,3,520622.0
48,Boston,2021,3,452193.0
50,Boston,2021,3,700515.5
51,Boston,2021,3,241413.0
55,Boston,2021,3,371136.0
60,Boston,2021,3,454907.0
61,New York City,2021,3,901061.5
64,New York City,2021,3,1822449.0
67,New York City,2021,3,1547199.0
70,New York City,2021,3,1479393.0
71,New York City,2021,3,2094177.0
73,New York City,2021,3,1663333.0
74,New York City,2021,3,2696369.0
1,San Mateo,2021,4,32923.0
2,San Mateo,2021,4,76842.0
4,San Mateo,2021,4,65881.0
6,San Mateo,2021,4,37306.0
7,San Mateo,2021,4,57072.0
9,San Mateo,2021,4,67769.0
11,San Mateo,2021,4,77395.0
12,San Mateo,2021,4,83660.0
14,San Mateo,2021,4,103079.0
15,San Mateo,2021,4,65153.0
17,Denver,2021,4,515962.0
18,Denver,2021,4,458639.0
21,Denver,2021,4,248497.0
23,Denver,2021,4,489239.0
26,Denver,2021,4,535307.0
27,Denver,2021,4,576457.0
28,Denver,2021,4,411835.0
29,Denver,2021,4,680527.0
30,Denver,2021,4,469207.0
31,Seattle,2021,4,241986.0
33,Seattle,2021,4,494903.5
36,Seattle,2021,4,261778.0
39,Seattle,2021,4,493970.0
40,Seattle,2021,4,395912.0
41,Seattle,2021,4,563642.0
42,Seattle,2021,4,598252.0
45,Seattle,2021,4,495195.0
46,Boston,2021,4,222648.0
47,Boston,2021,4,503358.0
48,Boston,2021,4,453372.5
49,Boston,2021,4,434919.0
50,Boston,2021,4,668093.25
51,Boston,2021,4,236475.0
55,Boston,2021,4,366805.0
60,Boston,2021,4,446046.0
61,New York City,2021,4,876805.5
64,New York City,2021,4,1743412.0
67,New York City,2021,4,1503489.0
68,New York City,2021,4,1885863.0
70,New York City,2021,4,1445883.0
71,New York City,2021,4,2004853.0
73,New York City,2021,4,1578220.0
74,New York City,2021,4,2599433.0
75,New York City,2021,4,1733416.0
1,San Mateo,2021,5,35344.0
2,San Mateo,2021,5,80767.0
4,San Mateo,2021,5,70260.0
6,San Mateo,2021,5,36695.0
7,San Mateo,2021,5,60884.0
9,San Mateo,2021,5,69917.0
11,San Mateo,2021,5,80101.0
12,San Mateo,2021,5,94232.0
14,San Mateo,2021,5,105292.0
15,San Mateo,2021,5,69393.0
17,Denver,2021,5,533477.0
18,Denver,2021,5,473468.5
21,Denver,2021,5,252518.0
23,Denver,2021,5,503673.0
26,Denver,2021,5,528226.0
27,Denver,2021,5,577145.0
28,Denver,2021,5,416280.0
29,Denver,2021,5,681730.0
30,Denver,2021,5,454712.0
31,Seattle,2021,5,242750.0
33,Seattle,2021,5,492132.0
36,Seattle,2021,5,262055.0
39,Seattle,2021,5,505418.0
40,Seattle,2021,5,401875.0
41,Seattle,2021,5,552311.0
42,Seattle,2021,5,646646.0
45,Seattle,2021,5,480405.0
46,Boston,2021,5,224306.0
47,Boston,2021,5,511967.0
48,Boston,2021,5,450258.5
49,Boston,2021,5,427735.0
50,Boston,2021,5,692928.25
51,Boston,2021,5,238688.0
55,Boston,2021,5,368028.0
60,Boston,2021,5,438067.0
61,New York City,2021,5,901765.5
64,New York City,2021,5,1804220.0
67,New York City,2021,5,1538620.0
68,New York City,2021,5,1952640.0
70,New York City,2021,5,1496522.0
71,New York City,2021,5,2051268.0
73,New York City,2021,5,1659335.0
74,New York City,2021,5,2684106.0
75,New York City,2021,5,1802756.0
1,San Mateo,2021,6,33791.0
2,San Mateo,2021,6,78033.0
4,San Mateo,2021,6,67053.0
6,San Mateo,2021,6,37401.0
7,San Mateo,2021,6,57497.0
9,San Mateo,2021,6,66848.0
11,San Mateo,2021,6,80494.0
12,San Mateo,2021,6,87636.0
14,San Mateo,2021,6,101090.0
15,San Mateo,2021,6,65558.0
17,Denver,2021,6,532514.0
18,Denver,2021,6,477711.0
21,Denver,2021,6,244994.0
23,Denver,2021,6,506514.0
26,Denver,2021,6,529813.0
27,Denver,2021,6,596831.0
28,Denver,2021,6,425383.0
29,Denver,2021,6,680637.0
30,Denver,2021,6,451216.0
31,Seattle,2021,6,247879.5
33,Seattle,2021,6,487799.0
36,Seattle,2021,6,259157.0
39,Seattle,2021,6,489701.0
40,Seattle,2021,6,410348.0
41,Seattle,2021,6,548247.0
42,Seattle,2021,6,628714.0
45,Seattle,2021,6,491258.0
46,Boston,2021,6,218320.0
47,Boston,2021,6,488758.0
48,Boston,2021,6,452532.5
49,Boston,2021,6,436274.0
50,Boston,2021,6,695695.25
51,Boston,2021,6,233686.0
55,Boston,2021,6,363004.0
60,Boston,2021,6,432088.0
61,New York City,2021,6,880581.5
64,New York City,2021,6,1731006.0
67,New York City,2021,6,1502242.0
68,New York City,2021,6,1892242.0
70,New York City,2021,6,1469176.0
71,New York City,2021,6,1986245.0
73,New York City,2021,6,1587835.0
74,New York City,2021,6,2584753.0
75,New York City,2021,6,1737319.0
1,San Mateo,2021,7,35474.0
2,San Mateo,2021,7,82477.0
4,San Mateo,2021,7,71163.0
6,San Mateo,2021,7,39875.0
7,San Mateo,2021,7,60141.0
9,San Mateo,2021,7,71248.0
11,San Mateo,2021,7,79665.0
12,San Mateo,2021,7,87009.0
13,San Mateo,2021,7,64292.0
14,San Mateo,2021,7,103697.0
15,San Mateo,2021,7,69635.0
17,Denver,2021,7,531115.0
18,Denver,2021,7,495480.5
19,Denver,2021,7,480303.0
20,Denver,2021,7,712929.5
21,Denver,2021,7,258626.0
23,Denver,2021,7,508502.0
24,Denver,2021,7,468808.0
25,Denver,2021,7,383731.0
26,Denver,2021,7,523438.0
27,Denver,2021,7,603791.0
28,Denver,2021,7,428426.0
29,Denver,2021,7,682274.0
30,Denver,2021,7,467150.0
31,Seattle,2021,7,265502.5
32,Seattle,2021,7,613794.0
33,Seattle,2021,7,527421.5
36,Seattle,2021,7,292278.0
37,Seattle,2021,7,448249.0
39,Seattle,2021,7,514909.0
40,Seattle,2021,7,442719.0
41,Seattle,2021,7,610125.0
42,Seattle,2021,7,691888.0
43,Seattle,2021,7,476229.0
45,Seattle,2021,7,515500.0
46,Boston,2021,7,211205.0
47,Boston,2021,7,476219.0
48,Boston,2021,7,433597.0
49,Boston,2021,7,417699.0
50,Boston,2021,7,638413.5
51,Boston,2021,7,225418.0
52,Boston,2021,7,367662.0
55,Boston,2021,7,335931.0
57,Boston,2021,7,536150.0
60,Boston,2021,7,417235.0
61,New York City,2021,7,902861.5
62,New York City,2021,7,2069305.0
64,New York City,2021,7,1813094.0
67,New York City,2021,7,1542521.0
68,New York City,2021,7,1952788.0
70,New York City,2021,7,1488427.0
71,New York City,2021,7,2052204.0
73,New York City,2021,7,1637134.0
74,New York City,2021,7,2684766.0
75,New York City,2021,7,1799626.0
1,San Mateo,2021,8,34786.5
2,San Mateo,2021,8,77485.0
4,San Mateo,2021,8,71363.0
6,San Mateo,2021,8,37643.0
7,San Mateo,2021,8,60224.0
9,San Mateo,2021,8,69017.0
11,San Mateo,2021,8,79424.0
12,San Mateo,2021,8,90071.0
13,San Mateo,2021,8,64929.0
14,San Mateo,2021,8,105051.0
15,San Mateo,2021,8,67448.0
17,Denver,2021,8,531690.0
18,Denver,2021,8,485455.0
19,Denver,2021,8,477048.0
20,Denver,2021,8,733529.0
21,Denver,2021,8,260287.0
23,Denver,2021,8,516189.0
24,Denver,2021,8,466473.0
25,Denver,2021,8,392901.0
26,Denver,2021,8,540968.0
27,Denver,2021,8,604493.0
28,Denver,2021,8,436099.0
29,Denver,2021,8,696184.0
30,Denver,2021,8,465938.0
31,Seattle,2021,8,251255.5
32,Seattle,2021,8,554295.0
33,Seattle,2021,8,504660.0
36,Seattle,2021,8,267733.0
37,Seattle,2021,8,428483.0
39,Seattle,2021,8,505001.0
40,Seattle,2021,8,412172.0
41,Seattle,2021,8,573855.0
42,Seattle,2021,8,645689.0
43,Seattle,2021,8,451087.0
45,Seattle,2021,8,490135.0
46,Boston,2021,8,217641.5
47,Boston,2021,8,517913.0
48,Boston,2021,8,449781.5
49,Boston,2021,8,440417.0
50,Boston,2021,8,663057.0
51,Boston,2021,8,240313.0
52,Boston,2021,8,388373.0
55,Boston,2021,8,369960.0
57,Boston,2021,8,579387.0
60,Boston,2021,8,442312.0
61,New York City,2021,8,901153.0
62,New York City,2021,8,2041079.0
64,New York City,2021,8,1782334.0
67,New York City,2021,8,1548450.0
68,New York City,2021,8,1946154.0
70,New York City,2021,8,1493511.0
71,New York City,2021,8,2066406.0
73,New York City,2021,8,1649547.0
74,New York City,2021,8,2675421.0
75,New York City,2021,8,1813223.0
1,San Mateo,2021,9,33089.5
2,San Mateo,2021,9,77980.0
4,San Mateo,2021,9,67477.0
6,San Mateo,2021,9,36016.0
7,San Mateo,2021,9,59776.0
9,San Mateo,2021,9,70164.0
11,San Mateo,2021,9,76132.0
12,San Mateo,2021,9,85146.0
13,San Mateo,2021,9,62345.0
14,San Mateo,2021,9,99446.0
15,San Mateo,2021,9,67835.0
17,Denver,2021,9,516544.0
18,Denver,2021,9,476638.5
19,Denver,2021,9,450673.0
20,Denver,2021,9,729744.75
21,Denver,2021,9,250441.0
23,Denver,2021,9,518238.0
24,Denver,2021,9,466304.0
25,Denver,2021,9,401336.0
26,Denver,2021,9,536084.0
27,Denver,2021,9,602978.0
28,Denver,2021,9,425704.0
29,Denver,2021,9,709653.0
30,Denver,2021,9,460232.0
31,Seattle,2021,9,241262.0
32,Seattle,2021,9,541343.0
33,Seattle,2021,9,500578.5
36,Seattle,2021,9,251361.0
37,Seattle,2021,9,400013.0
39,Seattle,2021,9,456226.0
40,Seattle,2021,9,387670.0
41,Seattle,2021,9,542770.0
42,Seattle,2021,9,590190.0
43,Seattle,2021,9,420158.0
45,Seattle,2021,9,463627.0
46,Boston,2021,9,217228.5
47,Boston,2021,9,490595.0
48,Boston,2021,9,451785.5
49,Boston,2021,9,425727.0
50,Boston,2021,9,675847.25
51,Boston,2021,9,240307.0
52,Boston,2021,9,371254.0
55,Boston,2021,9,357156.0
57,Boston,2021,9,560250.0
60,Boston,2021,9,418462.0
61,New York City,2021,9,875973.0
62,New York City,2021,9,1993275.0
64,New York City,2021,9,1752801.0
67,New York City,2021,9,1507675.0
68,New York City,2021,9,1894958.0
70,New York City,2021,9,1432072.0
71,New York City,2021,9,1995695.0
73,New York City,2021,9,1580264.0
74,New York City,2021,9,2595877.0
75,New York City,2021,9,1741872.0
1,San Mateo,2021,10,32336.0
2,San Mateo,2021,10,74173.0
3,San Mateo,2021,10,67892.5
4,San Mateo,2021,10,68388.0
6,San Mateo,2021,10,36759.0
7,San Mateo,2021,10,56520.0
9,San Mateo,2021,10,64509.0
10,San Mateo,2021,10,55128.0
11,San Mateo,2021,10,74189.0
12,San Mateo,2021,10,85562.0
13,San Mateo,2021,10,58855.0
14,San Mateo,2021,10,98941.0
15,San Mateo,2021,10,66826.0
17,Denver,2021,10,597469.0
18,Denver,2021,10,529537.5
19,Denver,2021,10,507647.0
20,Denver,2021,10,790413.0
21,Denver,2021,10,279175.0
23,Denver,2021,10,548316.0
24,Denver,2021,10,518875.0
25,Denver,2021,10,422843.0
26,Denver,2021,10,596604.0
27,Denver,2021,10,665119.0
28,Denver,2021,10,471469.0
29,Denver,2021,10,763333.0
30,Denver,2021,10,503159.0
31,Seattle,2021,10,239017.5
32,Seattle,2021,10,539345.0
33,Seattle,2021,10,472485.0
34,Seattle,2021,10,466435.0
36,Seattle,2021,10,249948.0
37,Seattle,2021,10,394966.0
39,Seattle,2021,10,466961.0
40,Seattle,2021,10,379610.0
41,Seattle,2021,10,527815.0
42,Seattle,2021,10,591955.0
43,Seattle,2021,10,413259.0
44,Seattle,2021,10,674452.0
45,Seattle,2021,10,462616.0
46,Boston,2021,10,220345.0
47,Boston,2021,10,514909.0
48,Boston,2021,10,461815.0
49,Boston,2021,10,446318.0
50,Boston,2021,10,688661.25
51,Boston,2021,10,247071.0
52,Boston,2021,10,382795.0
53,Boston,2021,10,480624.0
55,Boston,2021,10,374276.0
57,Boston,2021,10,540159.0
60,Boston,2021,10,453065.0
61,New York City,2021,10,901789.5
62,New York City,2021,10,2075505.0
64,New York City,2021,10,1793917.0
67,New York City,2021,10,1548207.0
68,New York City,2021,10,1948490.0
69,New York City,2021,10,1812786.0
70,New York City,2021,10,1474496.0
71,New York City,2021,10,2043992.0
73,New York City,2021,10,1659595.0
74,New York City,2021,10,2676886.0
75,New York City,2021,10,1784177.0
1,San Mateo,2021,11,32796.0
2,San Mateo,2021,11,72751.0
3,San Mateo,2021,11,66002.0
4,San Mateo,2021,11,66179.0
6,San Mateo,2021,11,34578.0
7,San Mateo,2021,11,55995.0
9,San Mateo,2021,11,66598.0
10,San Mateo,2021,11,56994.0
11,San Mateo,2021,11,75700.0
12,San Mateo,2021,11,85428.0
13,San Mateo,2021,11,62907.0
14,San Mateo,2021,11,96280.0
15,San Mateo,2021,11,66470.0
17,Denver,2021,11,562606.0
18,Denver,2021,11,495965.5
19,Denver,2021,11,482618.0
20,Denver,2021,11,753969.25
21,Denver,2021,11,260087.0
23,Denver,2021,11,525713.0
24,Denver,2021,11,468897.0
25,Denver,2021,11,403140.0
26,Denver,2021,11,552373.0
27,Denver,2021,11,610978.0
28,Denver,2021,11,447000.0
29,Denver,2021,11,722198.0
30,Denver,2021,11,475245.0
31,Seattle,2021,11,216719.0
32,Seattle,2021,11,490764.0
33,Seattle,2021,11,439159.5
34,Seattle,2021,11,416789.0
36,Seattle,2021,11,229289.0
37,Seattle,2021,11,361975.0
39,Seattle,2021,11,433451.0
40,Seattle,2021,11,348717.0
41,Seattle,2021,11,482061.0
42,Seattle,2021,11,555126.0
43,Seattle,2021,11,396291.0
44,Seattle,2021,11,644884.0
45,Seattle,2021,11,422771.0
46,Boston,2021,11,223357.0
47,Boston,2021,11,507429.0
48,Boston,2021,11,447026.5
49,Boston,2021,11,458632.0
50,Boston,2021,11,670747.0
51,Boston,2021,11,241377.0
52,Boston,2021,11,386341.0
53,Boston,2021,11,495666.0
55,Boston,2021,11,362284.0
57,Boston,2021,11,565335.0
60,Boston,2021,11,443470.0
61,New York City,2021,11,874535.0
62,New York City,2021,11,2026456.0
64,New York City,2021,11,1725746.0
67,New York City,2021,11,1481197.0
68,New York City,2021,11,1911976.0
69,New York City,2021,11,1750035.0
70,New York City,2021,11,1448850.0
71,New York City,2021,11,1964479.0
73,New York City,2021,11,1588748.0
74,New York City,2021,11,2589190.0
75,New York City,2021,11,1725565.0
1,San Mateo,2021,12,31611.5
2,San Mateo,2021,12,69443.0
3,San Mateo,2021,12,64511.0
4,San Mateo,2021,12,61919.0
6,San Mateo,2021,12,33466.0
7,San Mateo,2021,12,52965.0
9,San Mateo,2021,12,61039.0
10,San Mateo,2021,12,52380.0
11,San Mateo,2021,12,69859.0
12,San Mateo,2021,12,78304.0
13,San Mateo,2021,12,56910.0
14,San Mateo,2021,12,96240.0
15,San Mateo,2021,12,63738.0
17,Denver,2021,12,567106.0
18,Denver,2021,12,503378.5
19,Denver,2021,12,485927.0
20,Denver,2021,12,778030.5
21,Denver,2021,12,263256.0
23,Denver,2021,12,525719.0
24,Denver,2021,12,489168.0
25,Denver,2021,12,403531.0
26,Denver,2021,12,573460.0
27,Denver,2021,12,623060.0
28,Denver,2021,12,464309.0
29,Denver,2021,12,723811.0
30,Denver,2021,12,494073.0
31,Seattle,2021,12,219487.5
32,Seattle,2021,12,493247.0
33,Seattle,2021,12,449974.5
34,Seattle,2021,12,429660.0
36,Seattle,2021,12,232591.0
37,Seattle,2021,12,374242.0
39,Seattle,2021,12,435900.0
40,Seattle,2021,12,360366.0
41,Seattle,2021,12,507217.0
42,Seattle,2021,12,561609.0
43,Seattle,2021,12,382662.0
44,Seattle,2021,12,642405.0
45,Seattle,2021,12,437828.0
46,Boston,2021,12,211720.5
47,Boston,2021,12,482225.0
48,Boston,2021,12,439608.5
49,Boston,2021,12,436998.0
50,Boston,2021,12,659933.0
51,Boston,2021,12,237867.0
52,Boston,2021,12,369308.0
53,Boston,2021,12,468162.0
55,Boston,2021,12,352861.0
57,Boston,2021,12,549354.0
60,Boston,2021,12,431897.0
61,New York City,2021,12,896457.0
62,New York City,2021,12,2054875.0
64,New York City,2021,12,1800272.0
67,New York City,2021,12,1549758.0
68,New York City,2021,12,1958380.0
69,New York City,2021,12,1812849.0
70,New York City,2021,12,1502560.0
71,New York City,2021,12,2052815.0
73,New York City,2021,12,1643481.0
74,New York City,2021,12,2678767.0
75,New York City,2021,12,1800648.0
1,San Mateo,2022,1,33938.5
2,San Mateo,2022,1,76992.0
3,San Mateo,2022,1,70061.0
4,San Mateo,2022,1,69480.0
6,San Mateo,2022,1,37429.0
7,San Mateo,2022,1,58570.0
9,San Mateo,2022,1,70054.0
10,San Mateo,2022,1,57179.0
11,San Mateo,2022,1,79741.0
12,San Mateo,2022,1,88611.0
13,San Mateo,2022,1,63674.0
14,San Mateo,2022,1,107284.0
15,San Mateo,2022,1,67656.0
17,Denver,2022,1,548045.0
18,Denver,2022,1,474232.5
19,Denver,2022,1,476726.0
20,Denver,2022,1,737895.5
21,Denver,2022,1,262025.0
22,Denver,2022,1,421892.0
23,Denver,2022,1,534078.0
24,Denver,2022,1,480187.0
25,Denver,2022,1,401555.0
26,Denver,2022,1,545336.0
27,Denver,2022,1,610690.0
28,Denver,2022,1,439331.0
29,Denver,2022,1,729281.0
30,Denver,2022,1,476612.0
31,Seattle,2022,1,244620.5
32,Seattle,2022,1,540709.0
33,Seattle,2022,1,488861.0
34,Seattle,2022,1,484520.0
35,Seattle,2022,1,742506.0
36,Seattle,2022,1,264581.0
37,Seattle,2022,1,405044.0
39,Seattle,2022,1,476672.0
40,Seattle,2022,1,412526.0
41,Seattle,2022,1,554704.0
42,Seattle,2022,1,632133.0
43,Seattle,2022,1,441285.0
44,Seattle,2022,1,724410.0
45,Seattle,2022,1,475427.0
46,Boston,2022,1,198684.0
47,Boston,2022,1,445520.0
48,Boston,2022,1,403439.5
49,Boston,2022,1,396239.0
50,Boston,2022,1,589607.25
51,Boston,2022,1,211704.0
52,Boston,2022,1,337788.0
53,Boston,2022,1,423999.0
55,Boston,2022,1,324642.0
57,Boston,2022,1,506244.0
58,Boston,2022,1,356640.0
60,Boston,2022,1,400066.0
61,New York City,2022,1,898088.5
62,New York City,2022,1,2076900.0
64,New York City,2022,1,1787954.0
65,New York City,2022,1,2770948.75
67,New York City,2022,1,1554557.0
68,New York City,2022,1,1930178.0
69,New York City,2022,1,1781733.0
70,New York City,2022,1,1487492.0
71,New York City,2022,1,2043302.0
73,New York City,2022,1,1656912.0
74,New York City,2022,1,2666877.0
75,New York City,2022,1,1800863.0
1,San Mateo,2022,2,32915.5
2,San Mateo,2022,2,74054.0
3,San Mateo,2022,2,64232.0
4,San Mateo,2022,2,65407.0
6,San Mateo,2022,2,34206.0
7,San Mateo,2022,2,57861.0
9,San Mateo,2022,2,62052.0
10,San Mateo,2022,2,51068.0
11,San Mateo,2022,2,75042.0
12,San Mateo,2022,2,81136.0
13,San Mateo,2022,2,60027.0
14,San Mateo,2022,2,94324.0
15,San Mateo,2022,2,63393.0
17,Denver,2022,2,474478.0
18,Denver,2022,2,415740.5
19,Denver,2022,2,410170.0
20,Denver,2022,2,618999.75
21,Denver,2022,2,225283.0
22,Denver,2022,2,354273.0
23,Denver,2022,2,451415.0
24,Denver,2022,2,415802.0
25,Denver,2022,2,341281.0
26,Denver,2022,2,478728.0
27,Denver,2022,2,549855.0
28,Denver,2022,2,380911.0
29,Denver,2022,2,610771.0
30,Denver,2022,2,405870.0
31,Seattle,2022,2,204201.5
32,Seattle,2022,2,469924.0
33,Seattle,2022,2,426378.0
34,Seattle,2022,2,424043.0
35,Seattle,2022,2,629503.0
36,Seattle,2022,2,232990.0
37,Seattle,2022,2,362047.0
39,Seattle,2022,2,424665.0
40,Seattle,2022,2,349461.0
41,Seattle,2022,2,485488.0
42,Seattle,2022,2,534568.0
43,Seattle,2022,2,390128.0
44,Seattle,2022,2,637517.0
45,Seattle,2022,2,423159.0
46,Boston,2022,2,193608.0
47,Boston,2022,2,427108.0
48,Boston,2022,2,396570.0
49,Boston,2022,2,396611.0
50,Boston,2022,2,593159.75
51,Boston,2022,2,203407.0
52,Boston,2022,2,325936.0
53,Boston,2022,2,411594.0
55,Boston,2022,2,318728.0
57,Boston,2022,2,480545.0
58,Boston,2022,2,356099.0
60,Boston,2022,2,386030.0
61,New York City,2022,2,723758.5
62,New York City,2022,2,1654612.0
64,New York City,2022,2,1451266.0
65,New York City,2022,2,2202365.5
67,New York City,2022,2,1244830.0
68,New York City,2022,2,1573340.0
69,New York City,2022,2,1437429.0
70,New York City,2022,2,1183047.0
71,New York City,2022,2,1669721.0
73,New York City,2022,2,1313293.0
74,New York City,2022,2,2144263.0
75,New York City,2022,2,1469735.0
1,San Mateo,2022,3,33336.0
2,San Mateo,2022,3,75981.0
3,San Mateo,2022,3,69571.0
4,San Mateo,2022,3,67912.0
6,San Mateo,2022,3,37247.0
7,San Mateo,2022,3,55840.0
9,San Mateo,2022,3,68131.0
10,San Mateo,2022,3,56348.0
11,San Mateo,2022,3,82030.0
12,San Mateo,2022,3,87267.0
13,San Mateo,2022,3,62239.0
14,San Mateo,2022,3,100861.0
15,San Mateo,2022,3,69414.0
17,Denver,2022,3,551169.0
18,Denver,2022,3,488852.5
19,Denver,2022,3,478613.0
20,Denver,2022,3,751534.75
21,Denver,2022,3,255165.0
22,Denver,2022,3,420378.0
23,Denver,2022,3,517750.0
24,Denver,2022,3,478404.0
25,Denver,2022,3,407052.0
26,Denver,2022,3,553211.0
27,Denver,2022,3,618583.0
28,Denver,2022,3,438482.0
29,Denver,2022,3,726354.0
30,Denver,2022,3,471637.0
31,Seattle,2022,3,236775.0
32,Seattle,2022,3,533303.0
33,Seattle,2022,3,479796.5
34,Seattle,2022,3,481393.0
35,Seattle,2022,3,741867.75
36,Seattle,2022,3,255325.0
37,Seattle,2022,3,399848.0
39,Seattle,2022,3,467836.0
40,Seattle,2022,3,397341.0
41,Seattle,2022,3,541111.0
42,Seattle,2022,3,623485.0
43,Seattle,2022,3,431149.0
44,Seattle,2022,3,715540.0
45,Seattle,2022,3,473065.0
46,Boston,2022,3,216026.5
47,Boston,2022,3,490441.0
48,Boston,2022,3,436819.5
49,Boston,2022,3,431978.0
50,Boston,2022,3,672511.25
51,Boston,2022,3,236466.0
52,Boston,2022,3,381351.0
53,Boston,2022,3,475517.0
55,Boston,2022,3,350382.0
57,Boston,2022,3,559062.0
58,Boston,2022,3,393528.0
60,Boston,2022,3,439272.0
61,New York City,2022,3,903267.5
62,New York City,2022,3,2072052.0
64,New York City,2022,3,1780074.0
65,New York City,2022,3,2775154.25
67,New York City,2022,3,1551202.0
68,New York City,2022,3,1965870.0
69,New York City,2022,3,1799156.0
70,New York City,2022,3,1471100.0
71,New York City,2022,3,2049587.0
73,New York City,2022,3,1631635.0
74,New York City,2022,3,2681725.0
75,New York City,2022,3,1811830.0
1,San Mateo,2022,4,34127.5
2,San Mateo,2022,4,75855.0
3,San Mateo,2022,4,69842.5
4,San Mateo,2022,4,67906.0
5,San Mateo,2022,4,106714.5
6,San Mateo,2022,4,36941.0
7,San Mateo,2022,4,54210.0
8,San Mateo,2022,4,71772.0
9,San Mateo,2022,4,64368.0
10,San Mateo,2022,4,56260.0
11,San Mateo,2022,4,76835.0
12,San Mateo,2022,4,87312.0
13,San Mateo,2022,4,59626.0
14,San Mateo,2022,4,97259.0
15,San Mateo,2022,4,66264.0
16,Denver,2022,4,248286.0
17,Denver,2022,4,566383.0
18,Denver,2022,4,502048.0
19,Denver,2022,4,485820.0
20,Denver,2022,4,740789.5
21,Denver,2022,4,264247.0
22,Denver,2022,4,415606.0
23,Denver,2022,4,531810.0
24,Denver,2022,4,494190.0
25,Denver,2022,4,401248.0
26,Denver,2022,4,547383.0
27,Denver,2022,4,633524.0
28,Denver,2022,4,434937.0
29,Denver,2022,4,705485.0
30,Denver,2022,4,486755.0
31,Seattle,2022,4,217927.5
32,Seattle,2022,4,494359.0
33,Seattle,2022,4,449611.0
34,Seattle,2022,4,431782.0
35,Seattle,2022,4,664807.25
36,Seattle,2022,4,232754.0
37,Seattle,2022,4,369836.0
39,Seattle,2022,4,439327.0
40,Seattle,2022,4,363079.0
41,Seattle,2022,4,506574.0
42,Seattle,2022,4,562213.0
43,Seattle,2022,4,407578.0
44,Seattle,2022,4,636599.0
45,Seattle,2022,4,431050.0
46,Boston,2022,4,213970.5
47,Boston,2022,4,497525.0
48,Boston,2022,4,436653.0
49,Boston,2022,4,439276.0
50,Boston,2022,4,685790.25
51,Boston,2022,4,235370.0
52,Boston,2022,4,359942.0
53,Boston,2022,4,476957.0
54,Boston,2022,4,438757.0
55,Boston,2022,4,367943.0
56,Boston,2022,4,494925.0
57,Boston,2022,4,558811.0
58,Boston,2022,4,401623.0
59,Boston,2022,4,643791.0
60,Boston,2022,4,426059.0
61,New York City,2022,4,875689.5
62,New York City,2022,4,1983487.0
63,New York City,2022,4,1780225.0
64,New York City,2022,4,1737151.0
65,New York City,2022,4,2680062.5
66,New York City,2022,4,947561.0
67,New York City,2022,4,1495373.0
68,New York City,2022,4,1894886.0
69,New York City,2022,4,1765395.0
70,New York City,2022,4,1450825.0
71,New York City,2022,4,2007520.0
72,New York City,2022,4,2241913.0
73,New York City,2022,4,1612092.0
74,New York City,2022,4,2607846.0
75,New York City,2022,4,1745631.0
1,San Mateo,2022,5,36527.0
2,San Mateo,2022,5,80055.0
3,San Mateo,2022,5,72739.5
4,San Mateo,2022,5,74503.0
5,San Mateo,2022,5,111913.75
6,San Mateo,2022,5,38009.0
7,San Mateo,2022,5,59050.0
8,San Mateo,2022,5,74604.0
9,San Mateo,2022,5,73793.0
10,San Mateo,2022,5,57548.0
11,San Mateo,2022,5,80529.0
12,San Mateo,2022,5,93311.0
13,San Mateo,2022,5,62902.0
14,San Mateo,2022,5,101052.0
15,San Mateo,2022,5,71831.0
16,Denver,2022,5,251915.5
17,Denver,2022,5,557996.0
18,Denver,2022,5,518206.0
19,Denver,2022,5,503463.0
20,Denver,2022,5,748661.25
21,Denver,2022,5,267112.0
22,Denver,2022,5,415181.0
23,Denver,2022,5,544326.0
24,Denver,2022,5,469442.0
25,Denver,2022,5,401620.0
26,Denver,2022,5,549805.0
27,Denver,2022,5,638763.0
28,Denver,2022,5,457431.0
29,Denver,2022,5,724101.0
30,Denver,2022,5,492710.0
31,Seattle,2022,5,228859.0
32,Seattle,2022,5,508260.0
33,Seattle,2022,5,462734.5
34,Seattle,2022,5,457653.0
35,Seattle,2022,5,697526.25
36,Seattle,2022,5,244261.0
37,Seattle,2022,5,394878.0
39,Seattle,2022,5,462664.0
40,Seattle,2022,5,377518.0
41,Seattle,2022,5,532001.0
42,Seattle,2022,5,586035.0
43,Seattle,2022,5,424387.0
44,Seattle,2022,5,682213.0
45,Seattle,2022,5,453193.0
46,Boston,2022,5,229412.0
47,Boston,2022,5,529198.0
48,Boston,2022,5,462895.0
49,Boston,2022,5,465725.0
50,Boston,2022,5,722433.0
51,Boston,2022,5,255613.0
52,Boston,2022,5,397952.0
53,Boston,2022,5,501330.0
54,Boston,2022,5,468108.0
55,Boston,2022,5,385218.0
56,Boston,2022,5,521583.0
57,Boston,2022,5,599978.0
58,Boston,2022,5,419991.0
59,Boston,2022,5,716122.0
60,Boston,2022,5,449669.0
61,New York City,2022,5,902684.0
62,New York City,2022,5,2057510.0
63,New York City,2022,5,1847691.0
64,New York City,2022,5,1804470.0
65,New York City,2022,5,2760607.25
66,New York City,2022,5,968762.0
67,New York City,2022,5,1526415.0
68,New York City,2022,5,1949574.0
69,New York City,2022,5,1791810.0
70,New York City,2022,5,1485332.0
71,New York City,2022,5,2079558.0
72,New York City,2022,5,2315642.0
73,New York City,2022,5,1678360.0
74,New York City,2022,5,2665356.0
75,New York City,2022,5,1819789.0
1,San Mateo,2022,6,33001.5
2,San Mateo,2022,6,76344.0
3,San Mateo,2022,6,71700.0
4,San Mateo,2022,6,67958.0
5,San Mateo,2022,6,105238.0
6,San Mateo,2022,6,36548.0
7,San Mateo,2022,6,59828.0
8,San Mateo,2022,6,75253.0
9,San Mateo,2022,6,67859.0
10,San Mateo,2022,6,53667.0
11,San Mateo,2022,6,77472.0
12,San Mateo,2022,6,86153.0
13,San Mateo,2022,6,59813.0
14,San Mateo,2022,6,102022.0
15,San Mateo,2022,6,69294.0
16,Denver,2022,6,241971.5
17,Denver,2022,6,532121.0
18,Denver,2022,6,468828.0
19,Denver,2022,6,472247.0
20,Denver,2022,6,714174.25
21,Denver,2022,6,256631.0
22,Denver,2022,6,407296.0
23,Denver,2022,6,512080.0
24,Denver,2022,6,469130.0
25,Denver,2022,6,389329.0
26,Denver,2022,6,538950.0
27,Denver,2022,6,607905.0
28,Denver,2022,6,437865.0
29,Denver,2022,6,698878.0
30,Denver,2022,6,470508.0
31,Seattle,2022,6,229363.0
32,Seattle,2022,6,529888.0
33,Seattle,2022,6,472778.0
34,Seattle,2022,6,466073.0
35,Seattle,2022,6,704431.5
36,Seattle,2022,6,246696.0
37,Seattle,2022,6,402375.0
39,Seattle,2022,6,446365.0
40,Seattle,2022,6,384125.0
41,Seattle,2022,6,540792.0
42,Seattle,2022,6,602405.0
43,Seattle,2022,6,420360.0
44,Seattle,2022,6,677777.0
45,Seattle,2022,6,474955.0
46,Boston,2022,6,217582.0
47,Boston,2022,6,498800.0
48,Boston,2022,6,446903.0
49,Boston,2022,6,441804.0
50,Boston,2022,6,679413.25
51,Boston,2022,6,239858.0
52,Boston,2022,6,369505.0
53,Boston,2022,6,455483.0
54,Boston,2022,6,440335.0
55,Boston,2022,6,346021.0
56,Boston,2022,6,503036.0
57,Boston,2022,6,574880.0
58,Boston,2022,6,394519.0
59,Boston,2022,6,647848.0
60,Boston,2022,6,443983.0
61,New York City,2022,6,876770.5
62,New York City,2022,6,2003692.0
63,New York City,2022,6,1787727.5
64,New York City,2022,6,1748513.0
65,New York City,2022,6,2690878.5
66,New York City,2022,6,946574.0
67,New York City,2022,6,1483363.0
68,New York City,2022,6,1907633.0
69,New York City,2022,6,1753817.0
70,New York City,2022,6,1437527.0
71,New York City,2022,6,1998638.0
72,New York City,2022,6,2242205.0
73,New York City,2022,6,1606146.0
74,New York City,2022,6,2586476.0
75,New York City,2022,6,1737528.0
1,San Mateo,2022,7,36023.0
2,San Mateo,2022,7,79384.0
3,San Mateo,2022,7,74287.5
4,San Mateo,2022,7,70067.0
5,San Mateo,2022,7,114617.0
6,San Mateo,2022,7,37892.0
7,San Mateo,2022,7,61330.0
8,San Mateo,2022,7,79952.0
9,San Mateo,2022,7,71754.0
10,San Mateo,2022,7,59091.0
11,San Mateo,2022,7,83288.0
12,San Mateo,2022,7,94530.0
13,San Mateo,2022,7,67229.0
14,San Mateo,2022,7,103220.0
15,San Mateo,2022,7,72035.0
16,Denver,2022,7,233797.0
17,Denver,2022,7,514269.0
18,Denver,2022,7,467528.5
19,Denver,2022,7,457605.0
20,Denver,2022,7,698322.5
21,Denver,2022,7,241817.0
22,Denver,2022,7,389105.0
23,Denver,2022,7,501942.0
24,Denver,2022,7,449388.0
25,Denver,2022,7,376449.0
26,Denver,2022,7,530027.0
27,Denver,2022,7,589812.0
28,Denver,2022,7,426390.0
29,Denver,2022,7,681469.0
30,Denver,2022,7,464897.0
31,Seattle,2022,7,265001.0
32,Seattle,2022,7,603898.0
33,Seattle,2022,7,537868.0
34,Seattle,2022,7,523814.0
35,Seattle,2022,7,814118.25
36,Seattle,2022,7,282741.0
37,Seattle,2022,7,446692.0
38,Seattle,2022,7,576370.0
39,Seattle,2022,7,530434.0
40,Seattle,2022,7,422474.0
41,Seattle,2022,7,596182.0
42,Seattle,2022,7,669825.0
43,Seattle,2022,7,474329.0
44,Seattle,2022,7,788066.0
45,Seattle,2022,7,517905.0
46,Boston,2022,7,232438.5
47,Boston,2022,7,524520.0
48,Boston,2022,7,477000.5
49,Boston,2022,7,471001.0
50,Boston,2022,7,717738.25
51,Boston,2022,7,257887.0
52,Boston,2022,7,403645.0
53,Boston,2022,7,509729.0
54,Boston,2022,7,465375.0
55,Boston,2022,7,391635.0
56,Boston,2022,7,529503.0
57,Boston,2022,7,591305.0
58,Boston,2022,7,432215.0
59,Boston,2022,7,690589.0
60,Boston,2022,7,458656.0
61,New York City,2022,7,902402.0
62,New York City,2022,7,2058902.0
63,New York City,2022,7,1816081.0
64,New York City,2022,7,1807846.0
65,New York City,2022,7,2781614.0
66,New York City,2022,7,973731.0
67,New York City,2022,7,1516136.0
68,New York City,2022,7,1969437.0
69,New York City,2022,7,1790766.0
70,New York City,2022,7,1499812.0
71,New York City,2022,7,2054546.0
72,New York City,2022,7,2309870.0
73,New York City,2022,7,1653085.0
74,New York City,2022,7,2685332.0
75,New York City,2022,7,1785917.0
1,San Mateo,2022,8,34773.0
2,San Mateo,2022,8,78689.0
3,San Mateo,2022,8,69672.5
4,San Mateo,2022,8,68859.0
5,San Mateo,2022,8,107734.25
6,San Mateo,2022,8,37612.0
7,San Mateo,2022,8,60686.0
8,San Mateo,2022,8,73485.0
9,San Mateo,2022,8,68444.0
10,San Mateo,2022,8,57973.0
11,San Mateo,2022,8,81276.0
12,San Mateo,2022,8,88609.0
13,San Mateo,2022,8,64926.0
14,San Mateo,2022,8,101633.0
15,San Mateo,2022,8,71254.0
16,Denver,2022,8,235022.5
17,Denver,2022,8,532090.0
18,Denver,2022,8,459500.5
19,Denver,2022,8,461653.0
20,Denver,2022,8,740423.5
21,Denver,2022,8,247103.0
22,Denver,2022,8,399227.0
23,Denver,2022,8,498377.0
24,Denver,2022,8,464754.0
25,Denver,2022,8,396425.0
26,Denver,2022,8,536657.0
27,Denver,2022,8,618374.0
28,Denver,2022,8,443171.0
29,Denver,2022,8,712713.0
30,Denver,2022,8,475715.0
31,Seattle,2022,8,256818.0
32,Seattle,2022,8,582211.0
33,Seattle,2022,8,544155.0
34,Seattle,2022,8,513776.0
35,Seattle,2022,8,784318.0
36,Seattle,2022,8,282812.0
37,Seattle,2022,8,444509.0
38,Seattle,2022,8,568706.0
39,Seattle,2022,8,510483.0
40,Seattle,2022,8,419456.0
41,Seattle,2022,8,599484.0
42,Seattle,2022,8,670068.0
43,Seattle,2022,8,481062.0
44,Seattle,2022,8,762829.0
45,Seattle,2022,8,513734.0
46,Boston,2022,8,229287.5
47,Boston,2022,8,525297.0
48,Boston,2022,8,466872.0
49,Boston,2022,8,462923.0
50,Boston,2022,8,712145.0
51,Boston,2022,8,245124.0
52,Boston,2022,8,394824.0
53,Boston,2022,8,499051.0
54,Boston,2022,8,458119.0
55,Boston,2022,8,375991.0
56,Boston,2022,8,527242.0
57,Boston,2022,8,585676.0
58,Boston,2022,8,425284.0
59,Boston,2022,8,697642.0
60,Boston,2022,8,454260.0
61,New York City,2022,8,909166.0
62,New York City,2022,8,2075740.0
63,New York City,2022,8,1818578.5
64,New York City,2022,8,1778293.0
65,New York City,2022,8,2774823.0
66,New York City,2022,8,982112.0
67,New York City,2022,8,1535485.0
68,New York City,2022,8,1965966.0
69,New York City,2022,8,1775948.0
70,New York City,2022,8,1505331.0
71,New York City,2022,8,2053825.0
72,New York City,2022,8,2329515.0
73,New York City,2022,8,1647276.0
74,New York City,2022,8,2695964.0
75,New York City,2022,8,1785319.0
1,San Mateo,2022,9,32691.5
2,San Mateo,2022,9,79333.0
3,San Mateo,2022,9,66902.5
4,San Mateo,2022,9,69012.0
5,San Mateo,2022,9,107233.75
6,San Mateo,2022,9,37005.0
7,San Mateo,2022,9,57547.0
8,San Mateo,2022,9,71048.0
9,San Mateo,2022,9,67531.0
10,San Mateo,2022,9,56032.0
11,San Mateo,2022,9,76067.0
12,San Mateo,2022,9,86562.0
13,San Mateo,2022,9,60478.0
14,San Mateo,2022,9,99218.0
15,San Mateo,2022,9,68279.0
16,Denver,2022,9,239066.0
17,Denver,2022,9,560572.0
18,Denver,2022,9,483106.0
19,Denver,2022,9,483574.0
20,Denver,2022,9,750919.0
21,Denver,2022,9,265413.0
22,Denver,2022,9,406610.0
23,Denver,2022,9,542692.0
24,Denver,2022,9,484727.0
25,Denver,2022,9,395693.0
26,Denver,2022,9,540449.0
27,Denver,2022,9,612379.0
28,Denver,2022,9,436578.0
29,Denver,2022,9,695880.0
30,Denver,2022,9,490432.0
31,Seattle,2022,9,251575.0
32,Seattle,2022,9,568301.0
33,Seattle,2022,9,525664.5
34,Seattle,2022,9,492636.0
35,Seattle,2022,9,782594.0
36,Seattle,2022,9,269426.0
37,Seattle,2022,9,447829.0
38,Seattle,2022,9,546942.0
39,Seattle,2022,9,502170.0
40,Seattle,2022,9,420959.0
41,Seattle,2022,9,564527.0
42,Seattle,2022,9,645475.0
43,Seattle,2022,9,461173.0
44,Seattle,2022,9,756295.0
45,Seattle,2022,9,503002.0
46,Boston,2022,9,222936.5
47,Boston,2022,9,505986.0
48,Boston,2022,9,461925.5
49,Boston,2022,9,445305.0
50,Boston,2022,9,688010.5
51,Boston,2022,9,244838.0
52,Boston,2022,9,387601.0
53,Boston,2022,9,474222.0
54,Boston,2022,9,449351.0
55,Boston,2022,9,359979.0
56,Boston,2022,9,515198.0
57,Boston,2022,9,564715.0
58,Boston,2022,9,424139.0
59,Boston,2022,9,669462.0
60,Boston,2022,9,461151.0
61,New York City,2022,9,873307.0
62,New York City,2022,9,2014088.0
63,New York City,2022,9,1786750.5
64,New York City,2022,9,1732658.0
65,New York City,2022,9,2704747.5
66,New York City,2022,9,931755.0
67,New York City,2022,9,1496093.0
68,New York City,2022,9,1892501.0
69,New York City,2022,9,1746011.0
70,New York City,2022,9,1448523.0
71,New York City,2022,9,1980485.0
72,New York City,2022,9,2263683.0
73,New York City,2022,9,1580558.0
74,New York City,2022,9,2602138.0
75,New York City,2022,9,1759424.0
1,San Mateo,2022,10,35124.5
2,San Mateo,2022,10,80848.0
3,San Mateo,2022,10,72293.0
4,San Mateo,2022,10,73387.0
5,San Mateo,2022,10,111789.5
6,San Mateo,2022,10,38996.0
7,San Mateo,2022,10,59291.0
8,San Mateo,2022,10,77482.0
9,San Mateo,2022,10,69819.0
10,San Mateo,2022,10,61145.0
11,San Mateo,2022,10,83252.0
12,San Mateo,2022,10,91784.0
13,San Mateo,2022,10,64982.0
14,San Mateo,2022,10,107943.0
15,San Mateo,2022,10,70645.0
16,Denver,2022,10,249816.5
17,Denver,2022,10,593033.0
18,Denver,2022,10,518716.0
19,Denver,2022,10,516260.0
20,Denver,2022,10,771317.25
21,Denver,2022,10,277850.0
22,Denver,2022,10,426485.0
23,Denver,2022,10,548744.0
24,Denver,2022,10,516004.0
25,Denver,2022,10,407123.0
26,Denver,2022,10,583552.0
27,Denver,2022,10,636867.0
28,Denver,2022,10,464937.0
29,Denver,2022,10,762895.0
30,Denver,2022,10,486033.0
31,Seattle,2022,10,255307.0
32,Seattle,2022,10,582921.0
33,Seattle,2022,10,517623.5
34,Seattle,2022,10,511563.0
35,Seattle,2022,10,752109.75
36,Seattle,2022,10,271066.0
37,Seattle,2022,10,431579.0
38,Seattle,2022,10,550303.0
39,Seattle,2022,10,505398.0
40,Seattle,2022,10,407024.0
41,Seattle,2022,10,589084.0
42,Seattle,2022,10,640408.0
43,Seattle,2022,10,471319.0
44,Seattle,2022,10,755039.0
45,Seattle,2022,10,507495.0
46,Boston,2022,10,230336.5
47,Boston,2022,10,519628.0
48,Boston,2022,10,477065.0
49,Boston,2022,10,449974.0
50,Boston,2022,10,699051.75
51,Boston,2022,10,249066.0
52,Boston,2022,10,401290.0
53,Boston,2022,10,498539.0
54,Boston,2022,10,444071.0
55,Boston,2022,10,373195.0
56,Boston,2022,10,516445.0
57,Boston,2022,10,592106.0
58,Boston,2022,10,419407.0
59,Boston,2022,10,678091.0
60,Boston,2022,10,467981.0
61,New York City,2022,10,893578.5
62,New York City,2022,10,2060050.0
63,New York City,2022,10,1848299.0
64,New York City,2022,10,1805132.0
65,New York City,2022,10,2772802.25
66,New York City,2022,10,972007.0
67,New York City,2022,10,1534997.0
68,New York City,2022,10,1955153.0
69,New York City,2022,10,1815968.0
70,New York City,2022,10,1496506.0
71,New York City,2022,10,2063097.0
72,New York City,2022,10,2330555.0
73,New York City,2022,10,1642807.0
74,New York City,2022,10,2669345.0
75,New York City,2022,10,1785510.0
1,San Mateo,2022,11,930.5
2,San Mateo,2022,11,1177.0
3,San Mateo,2022,11,1653.5
4,San Mateo,2022,11,1752.0
5,San Mateo,2022,11,2325.5
6,San Mateo,2022,11,1200.0
7,San Mateo,2022,11,1633.0
8,San Mateo,2022,11,2199.0
9,San Mateo,2022,11,1845.0
10,San Mateo,2022,11,1416.0
11,San Mateo,2022,11,2309.0
12,San Mateo,2022,11,2292.0
13,San Mateo,2022,11,1227.0
14,San Mateo,2022,11,2221.0
15,San Mateo,2022,11,1866.0
16,Denver,2022,11,7278.5
17,Denver,2022,11,17187.0
18,Denver,2022,11,18007.5
19,Denver,2022,11,17619.0
20,Denver,2022,11,26104.5
21,Denver,2022,11,8526.0
22,Denver,2022,11,14520.0
23,Denver,2022,11,17399.0
24,Denver,2022,11,15559.0
25,Denver,2022,11,14378.0
26,Denver,2022,11,18321.0
27,Denver,2022,11,20064.0
28,Denver,2022,11,14437.0
29,Denver,2022,11,25130.0
30,Denver,2022,11,15192.0
31,Seattle,2022,11,7982.0
32,Seattle,2022,11,16189.0
33,Seattle,2022,11,14688.5
34,Seattle,2022,11,12135.0
35,Seattle,2022,11,22840.5
36,Seattle,2022,11,8492.0
37,Seattle,2022,11,11098.0
38,Seattle,2022,11,14064.0
39,Seattle,2022,11,15553.0
40,Seattle,2022,11,10434.0
41,Seattle,2022,11,14669.0
42,Seattle,2022,11,16688.0
43,Seattle,2022,11,11665.0
44,Seattle,2022,11,18733.0
45,Seattle,2022,11,14515.0
46,Boston,2022,11,5987.0
47,Boston,2022,11,13481.0
48,Boston,2022,11,12703.5
49,Boston,2022,11,12093.0
50,Boston,2022,11,18471.5
51,Boston,2022,11,7300.0
52,Boston,2022,11,10876.0
53,Boston,2022,11,13767.0
54,Boston,2022,11,12505.0
55,Boston,2022,11,9157.0
56,Boston,2022,11,13976.0
57,Boston,2022,11,16206.0
58,Boston,2022,11,12425.0
59,Boston,2022,11,20261.0
60,Boston,2022,11,15655.0
61,New York City,2022,11,28992.5
62,New York City,2022,11,68488.0
63,New York City,2022,11,54771.0
64,New York City,2022,11,56679.0
65,New York City,2022,11,88771.5
66,New York City,2022,11,31108.0
67,New York City,2022,11,50716.0
68,New York City,2022,11,64546.0
69,New York City,2022,11,58213.0
70,New York City,2022,11,47190.0
71,New York City,2022,11,62804.0
72,New York City,2022,11,73483.0
73,New York City,2022,11,54050.0
74,New York City,2022,11,87853.0
75,New York City,2022,11,57357.0
